<?xml version="1.0" encoding="UTF-8"?>
<project-private xmlns="http://www.netbeans.org/ns/project-private/1">
    <open-files xmlns="http://www.netbeans.org/ns/projectui-open-files/2">
        <group>
            <file>file:/C:/Users/Bego/Dropbox/materias%20cole/DAW1_Programación/Ejemplos/Clases/EjemClases1/src/ejemclases1/Persona.java</file>
            <file>file:/C:/Users/Bego/Dropbox/materias%20cole/DAW1_Programación/Ejemplos/Clases/EjemClases1/src/ejemclases1/EjemClases1.java</file>
        </group>
    </open-files>
</project-private>
